admin2Name_en,admin2Name_alias,admin2Pcode,admin1Name_en,admin1Name_alias,admin1Pcode,admin0Name_en,admin0Name_alias,admin0Pcode
Nassau,Nassau,oEBf29y8JP8,New Providence,New Providence,AWn3s2RqgAN,The Bahamas,The Bahamas,BHS
Freeport,Freeport,HPGiE9Jjh2r,Grand Bahama,Grand Bahama,KozcEjeTyuD,The Bahamas,The Bahamas,BHS
Marsh Harbour,Marsh Harbour,BxrIbNW7f3K,Abaco,Abaco,B1u1bVtIA92,The Bahamas,The Bahamas,BHS
Governor's Harbour,Governor's Harbour,SQT8xjbvWwf,Eleuthera,Eleuthera,dbTLdTi7s8F,The Bahamas,The Bahamas,BHS
Carmichael,Carmichael,ntoX1PkiWri,New Providence,New Providence,AWn3s2RqgAN,The Bahamas,The Bahamas,BHS
West End,West End,SvFNQpplnch,Grand Bahama,Grand Bahama,KozcEjeTyuD,The Bahamas,The Bahamas,BHS
Treasure Cay,Treasure Cay,NLjvK1QsrN3,Abaco,Abaco,B1u1bVtIA92,The Bahamas,The Bahamas,BHS
Rock Sound,Rock Sound,hywxVKv48Xp,Eleuthera,Eleuthera,dbTLdTi7s8F,The Bahamas,The Bahamas,BHS
Centreville,Centreville,QTtxiWj8ONP,New Providence,New Providence,AWn3s2RqgAN,The Bahamas,The Bahamas,BHS
Eight Mile Rock,Eight Mile Rock,Oapn6R4rt3D,Grand Bahama,Grand Bahama,KozcEjeTyuD,The Bahamas,The Bahamas,BHS
Cooper's Town,Cooper's Town,idR0pJWLqcR,Abaco,Abaco,B1u1bVtIA92,The Bahamas,The Bahamas,BHS
Harbour Island,Harbour Island,jCJxK8sFH40,Eleuthera,Eleuthera,dbTLdTi7s8F,The Bahamas,The Bahamas,BHS
Fox Hill,Fox Hill,ydyJb1RAy4U,New Providence,New Providence,AWn3s2RqgAN,The Bahamas,The Bahamas,BHS
High Rock,High Rock,nO68NTtcdw2,Grand Bahama,Grand Bahama,KozcEjeTyuD,The Bahamas,The Bahamas,BHS
Sandy Point,Sandy Point,FuvOOwvBw0p,Abaco,Abaco,B1u1bVtIA92,The Bahamas,The Bahamas,BHS
Spanish Wells,Spanish Wells,R22tRIhdm5Y,Eleuthera,Eleuthera,dbTLdTi7s8F,The Bahamas,The Bahamas,BHS
